insert into ACCOUNT (ACCOUNT_ID, FIRST_NAME, LAST_NAME) VALUES (1, 'Harrison', 'Hocker');
insert into ACCOUNT (ACCOUNT_ID, FIRST_NAME, LAST_NAME) VALUES (2, 'Gabby', 'Hocker');
insert into ACCOUNT (ACCOUNT_ID, FIRST_NAME, LAST_NAME) VALUES (3, 'Brent', 'Tuttrup');

insert into TRANSACTION (TRANSACTION_ID, AMOUNT, DATE, LOCATION, ACCOUNT_ID) VALUES (1, 123.44, '2015-03-21', 'CVS', 1);
insert into TRANSACTION (TRANSACTION_ID, AMOUNT, DATE, LOCATION, ACCOUNT_ID) VALUES (2, 12.23, '2015-03-22', 'Museum', 1);
insert into TRANSACTION (TRANSACTION_ID, AMOUNT, DATE, LOCATION, ACCOUNT_ID) VALUES (3, 73.14, '2015-03-23', 'Best Buy', 1);
insert into TRANSACTION (TRANSACTION_ID, AMOUNT, DATE, LOCATION, ACCOUNT_ID) VALUES (4, 12.84, '2015-03-24', 'Arcade', 1);
insert into TRANSACTION (TRANSACTION_ID, AMOUNT, DATE, LOCATION, ACCOUNT_ID) VALUES (5, 13.24, '2015-03-25', 'Honda', 1);
insert into TRANSACTION (TRANSACTION_ID, AMOUNT, DATE, LOCATION, ACCOUNT_ID) VALUES (6, 20.43, '2015-03-25', 'Whole Foods', 1);
insert into TRANSACTION (TRANSACTION_ID, AMOUNT, DATE, LOCATION, ACCOUNT_ID) VALUES (7, 13.00, '2015-03-26', 'Rouses', 1);

insert into TRANSACTION (TRANSACTION_ID, AMOUNT, DATE, LOCATION, ACCOUNT_ID) VALUES (8, 123.44, '2015-03-21', 'CVS', 2);
insert into TRANSACTION (TRANSACTION_ID, AMOUNT, DATE, LOCATION, ACCOUNT_ID) VALUES (9, 12.23, '2015-03-22', 'Museum', 2);
insert into TRANSACTION (TRANSACTION_ID, AMOUNT, DATE, LOCATION, ACCOUNT_ID) VALUES (10, 73.14, '2015-03-23', 'Best Buy', 2);
insert into TRANSACTION (TRANSACTION_ID, AMOUNT, DATE, LOCATION, ACCOUNT_ID) VALUES (11, 12.84, '2015-03-24', 'Arcade', 2);
insert into TRANSACTION (TRANSACTION_ID, AMOUNT, DATE, LOCATION, ACCOUNT_ID) VALUES (12, 13.24, '2015-03-25', 'Honda', 2);
insert into TRANSACTION (TRANSACTION_ID, AMOUNT, DATE, LOCATION, ACCOUNT_ID) VALUES (13, 20.43, '2015-03-25', 'Whole Foods', 2);
insert into TRANSACTION (TRANSACTION_ID, AMOUNT, DATE, LOCATION, ACCOUNT_ID) VALUES (14, 13.00, '2015-03-26', 'Rouses', 2);

insert into TRANSACTION (TRANSACTION_ID, AMOUNT, DATE, LOCATION, ACCOUNT_ID) VALUES (15, 90.73, '2015-03-21', 'Game Stop', 3);
insert into TRANSACTION (TRANSACTION_ID, AMOUNT, DATE, LOCATION, ACCOUNT_ID) VALUES (16, 44.65, '2015-03-22', 'School', 3);
insert into TRANSACTION (TRANSACTION_ID, AMOUNT, DATE, LOCATION, ACCOUNT_ID) VALUES (17, 14.99, '2015-03-23', 'Food', 3);
insert into TRANSACTION (TRANSACTION_ID, AMOUNT, DATE, LOCATION, ACCOUNT_ID) VALUES (18, 500.50, '2015-03-24', 'Bike', 3);

insert into REGISTERED_USERS (REGISTERED_USER_ID, USERNAME, TOKEN) VALUES (1, 'Harrison', 'XZY');
insert into REGISTERED_USERS (REGISTERED_USER_ID, USERNAME, TOKEN) VALUES (2, 'Gabby', 'ABC');
insert into REGISTERED_USERS (REGISTERED_USER_ID, USERNAME, TOKEN) VALUES (3, 'Brent', 'RUN');

-- SELECT *
-- FROM Transaction t
-- join account a on t.account_id = a.account_id
-- and  t.location = 'CVS';
